{
  "contacts": [
    {
      "fullname": "خسرو طالبی",
      "photo": "https://toplearn.com/img/user/teachers/9420_1b6e5884-854f-961b-725b-39f3fa1ee56a_%D9%85%D8%AC%D8%AA%D8%A8%DB%8C_%DA%A9%D8%B1%D9%85%D9%84%D9%88.jpg",
      "mobile": 9132658233,
      "email": "khosrooo@yahoo.com",
      "job": "برنامه ",
      "group": "5",
      "id": 1
    },
    {
      "fullname": "Alex2",
      "photo": "https://toplearn.com/img/user/teachers/22343_00e67965-0a48-40ca-bc73-aaea6f23961b_%D8%B9%D9%84%DB%8C_%D8%B1%D9%85.jpg",
      "mobile": "09112223345",
      "email": "Alex@yahoo.com",
      "job": "برنامه نویس",
      "group": "5",
      "id": 2
    },
    {
      "fullname": "رضا مطهری 2",
      "photo": "https://toplearn.com/img/user/teachers/aff6e242-ddb7-1fbd-c834-39f00fa0e696_67fa6553-0e36-4951-9525-e5f3b92a56bd.png",
      "mobile": "09112334455",
      "email": "reza@yahoo.com",
      "job": "برنامه نویس خبره",
      "group": "2",
      "id": 3
    },
    {
      "fullname": "محمد رضا طاهری",
      "photo": "https://toplearn.com/img/user/teachers/9420_1b6e5884-854f-961b-725b-39f3fa1ee56a_%D9%85%D8%AC%D8%AA%D8%A8%DB%8C_%DA%A9%D8%B1%D9%85%D9%84%D9%88.jpg",
      "mobile": "09132222222",
      "email": "reza@yahoo.com",
      "job": "برنامه نویس",
      "group": "1",
      "id": 4
    },
    {
      "fullname": "علی احمدی",
      "photo": "https://toplearn.com/img/user/teachers/9420_1b6e5884-854f-961b-725b-39f3fa1ee56a_%D9%85%D8%AC%D8%AA%D8%A8%DB%8C_%DA%A9%D8%B1%D9%85%D9%84%D9%88.jpg",
      "mobile": "09132323243",
      "email": "ali@yahoo.com",
      "job": "برنامه نویس",
      "group": "1",
      "id": 5
    }
  ],
  "groups": [
    {
      "id": "1",
      "name": "همکار"
    },
    {
      "id": "2",
      "name": "دوست"
    },
    {
      "id": "3",
      "name": "فامیل"
    },
    {
      "id": "4",
      "name": "سرویس"
    },
    {
      "id": "5",
      "name": "آشنا"
    }
  ]
}